Workbook

Sheet Ringkasan
A1: INTEGRA MVP — Task per Modul (2 developer fullstack, 2 hari)
A2: Sumber: PRD INTEGRA dan ERD MVP revisi. Estimasi jam adalah perkiraan awal; AI memakai LLM API, tanpa QA/PM terpisah. Fitur P2 tidak dikerjakan.
A4: Cara pakai
A5: Sel kuning | B5: PIC di sheet Modul (ganti Orang A/B dengan nama) dan Status di sheet Task.
A6: Angka biru | B6: Estimasi jam, boleh diubah.
A7: Teks hitam | B7: Formula otomatis, jangan diisi manual.
A8: P1 | B8: Dikerjakan hanya jika semua P0 sudah stabil.
A10: Beban per orang (jam)
A11: PIC | B11: Hari 1 | C11: Hari 2 | D11: Total P0 | E11: Total P1 | F11: Total | G11: Selesai (task)
A12: =Modul!$D$2 | B12: =SUMIFS(Task!$I$2:$I$27,Task!$D$2:$D$27,A12,Task!$J$2:$J$27,"Hari 1") | C12: =SUMIFS(Task!$I$2:$I$27,Task!$D$2:$D$27,A12,Task!$J$2:$J$27,"Hari 2") | D12: =SUMIFS(Task!$I$2:$I$27,Task!$D$2:$D$27,A12,Task!$E$2:$E$27,"P0") | E12: =SUMIFS(Task!$I$2:$I$27,Task!$D$2:$D$27,A12,Task!$E$2:$E$27,"P1") | F12: =D12+E12 | G12: =COUNTIFS(Task!$D$2:$D$27,A12,Task!$L$2:$L$27,"Selesai")
A13: =Modul!$D$3 | B13: =SUMIFS(Task!$I$2:$I$27,Task!$D$2:$D$27,A13,Task!$J$2:$J$27,"Hari 1") | C13: =SUMIFS(Task!$I$2:$I$27,Task!$D$2:$D$27,A13,Task!$J$2:$J$27,"Hari 2") | D13: =SUMIFS(Task!$I$2:$I$27,Task!$D$2:$D$27,A13,Task!$E$2:$E$27,"P0") | E13: =SUMIFS(Task!$I$2:$I$27,Task!$D$2:$D$27,A13,Task!$E$2:$E$27,"P1") | F13: =D13+E13 | G13: =COUNTIFS(Task!$D$2:$D$27,A13,Task!$L$2:$L$27,"Selesai")
A14: Total | B14: =SUM(B12:B13) | C14: =SUM(C12:C13) | D14: =SUM(D12:D13) | E14: =SUM(E12:E13) | F14: =SUM(F12:F13) | G14: =SUM(G12:G13)
A15: Baris PIC mengikuti dua PIC pertama di sheet Modul (M01 dan M02).
A17: Rekap per modul
A18: ID | B18: Modul | C18: Prioritas | D18: PIC | E18: Jumlah task | F18: Estimasi (jam) | G18: Selesai | H18: Progres
A19: M-01 | B19: =INDEX(Modul!$B$2:$B$11,MATCH(A19,Modul!$A$2:$A$11,0)) | C19: =INDEX(Modul!$C$2:$C$11,MATCH(A19,Modul!$A$2:$A$11,0)) | D19: =INDEX(Modul!$D$2:$D$11,MATCH(A19,Modul!$A$2:$A$11,0)) | E19: =COUNTIF(Task!$B$2:$B$27,A19) | F19: =SUMIF(Task!$B$2:$B$27,A19,Task!$I$2:$I$27) | G19: =COUNTIFS(Task!$B$2:$B$27,A19,Task!$L$2:$L$27,"Selesai") | H19: =IF(E19=0,"-",G19/E19)
A20: M-02 | B20: =INDEX(Modul!$B$2:$B$11,MATCH(A20,Modul!$A$2:$A$11,0)) | C20: =INDEX(Modul!$C$2:$C$11,MATCH(A20,Modul!$A$2:$A$11,0)) | D20: =INDEX(Modul!$D$2:$D$11,MATCH(A20,Modul!$A$2:$A$11,0)) | E20: =COUNTIF(Task!$B$2:$B$27,A20) | F20: =SUMIF(Task!$B$2:$B$27,A20,Task!$I$2:$I$27) | G20: =COUNTIFS(Task!$B$2:$B$27,A20,Task!$L$2:$L$27,"Selesai") | H20: =IF(E20=0,"-",G20/E20)
A21: M-03 | B21: =INDEX(Modul!$B$2:$B$11,MATCH(A21,Modul!$A$2:$A$11,0)) | C21: =INDEX(Modul!$C$2:$C$11,MATCH(A21,Modul!$A$2:$A$11,0)) | D21: =INDEX(Modul!$D$2:$D$11,MATCH(A21,Modul!$A$2:$A$11,0)) | E21: =COUNTIF(Task!$B$2:$B$27,A21) | F21: =SUMIF(Task!$B$2:$B$27,A21,Task!$I$2:$I$27) | G21: =COUNTIFS(Task!$B$2:$B$27,A21,Task!$L$2:$L$27,"Selesai") | H21: =IF(E21=0,"-",G21/E21)
A22: M-04 | B22: =INDEX(Modul!$B$2:$B$11,MATCH(A22,Modul!$A$2:$A$11,0)) | C22: =INDEX(Modul!$C$2:$C$11,MATCH(A22,Modul!$A$2:$A$11,0)) | D22: =INDEX(Modul!$D$2:$D$11,MATCH(A22,Modul!$A$2:$A$11,0)) | E22: =COUNTIF(Task!$B$2:$B$27,A22) | F22: =SUMIF(Task!$B$2:$B$27,A22,Task!$I$2:$I$27) | G22: =COUNTIFS(Task!$B$2:$B$27,A22,Task!$L$2:$L$27,"Selesai") | H22: =IF(E22=0,"-",G22/E22)
A23: M-05 | B23: =INDEX(Modul!$B$2:$B$11,MATCH(A23,Modul!$A$2:$A$11,0)) | C23: =INDEX(Modul!$C$2:$C$11,MATCH(A23,Modul!$A$2:$A$11,0)) | D23: =INDEX(Modul!$D$2:$D$11,MATCH(A23,Modul!$A$2:$A$11,0)) | E23: =COUNTIF(Task!$B$2:$B$27,A23) | F23: =SUMIF(Task!$B$2:$B$27,A23,Task!$I$2:$I$27) | G23: =COUNTIFS(Task!$B$2:$B$27,A23,Task!$L$2:$L$27,"Selesai") | H23: =IF(E23=0,"-",G23/E23)
A24: M-06 | B24: =INDEX(Modul!$B$2:$B$11,MATCH(A24,Modul!$A$2:$A$11,0)) | C24: =INDEX(Modul!$C$2:$C$11,MATCH(A24,Modul!$A$2:$A$11,0)) | D24: =INDEX(Modul!$D$2:$D$11,MATCH(A24,Modul!$A$2:$A$11,0)) | E24: =COUNTIF(Task!$B$2:$B$27,A24) | F24: =SUMIF(Task!$B$2:$B$27,A24,Task!$I$2:$I$27) | G24: =COUNTIFS(Task!$B$2:$B$27,A24,Task!$L$2:$L$27,"Selesai") | H24: =IF(E24=0,"-",G24/E24)
A25: M-07 | B25: =INDEX(Modul!$B$2:$B$11,MATCH(A25,Modul!$A$2:$A$11,0)) | C25: =INDEX(Modul!$C$2:$C$11,MATCH(A25,Modul!$A$2:$A$11,0)) | D25: =INDEX(Modul!$D$2:$D$11,MATCH(A25,Modul!$A$2:$A$11,0)) | E25: =COUNTIF(Task!$B$2:$B$27,A25) | F25: =SUMIF(Task!$B$2:$B$27,A25,Task!$I$2:$I$27) | G25: =COUNTIFS(Task!$B$2:$B$27,A25,Task!$L$2:$L$27,"Selesai") | H25: =IF(E25=0,"-",G25/E25)
A26: M-08 | B26: =INDEX(Modul!$B$2:$B$11,MATCH(A26,Modul!$A$2:$A$11,0)) | C26: =INDEX(Modul!$C$2:$C$11,MATCH(A26,Modul!$A$2:$A$11,0)) | D26: =INDEX(Modul!$D$2:$D$11,MATCH(A26,Modul!$A$2:$A$11,0)) | E26: =COUNTIF(Task!$B$2:$B$27,A26) | F26: =SUMIF(Task!$B$2:$B$27,A26,Task!$I$2:$I$27) | G26: =COUNTIFS(Task!$B$2:$B$27,A26,Task!$L$2:$L$27,"Selesai") | H26: =IF(E26=0,"-",G26/E26)
A27: M-09 | B27: =INDEX(Modul!$B$2:$B$11,MATCH(A27,Modul!$A$2:$A$11,0)) | C27: =INDEX(Modul!$C$2:$C$11,MATCH(A27,Modul!$A$2:$A$11,0)) | D27: =INDEX(Modul!$D$2:$D$11,MATCH(A27,Modul!$A$2:$A$11,0)) | E27: =COUNTIF(Task!$B$2:$B$27,A27) | F27: =SUMIF(Task!$B$2:$B$27,A27,Task!$I$2:$I$27) | G27: =COUNTIFS(Task!$B$2:$B$27,A27,Task!$L$2:$L$27,"Selesai") | H27: =IF(E27=0,"-",G27/E27)
A28: M-10 | B28: =INDEX(Modul!$B$2:$B$11,MATCH(A28,Modul!$A$2:$A$11,0)) | C28: =INDEX(Modul!$C$2:$C$11,MATCH(A28,Modul!$A$2:$A$11,0)) | D28: =INDEX(Modul!$D$2:$D$11,MATCH(A28,Modul!$A$2:$A$11,0)) | E28: =COUNTIF(Task!$B$2:$B$27,A28) | F28: =SUMIF(Task!$B$2:$B$27,A28,Task!$I$2:$I$27) | G28: =COUNTIFS(Task!$B$2:$B$27,A28,Task!$L$2:$L$27,"Selesai") | H28: =IF(E28=0,"-",G28/E28)
A29: Total | E29: =SUM(E19:E28) | F29: =SUM(F19:F28) | G29: =SUM(G19:G28) | H29: =IF(E29=0,"-",G29/E29)

Sheet Modul
A1: ID | B1: Modul | C1: Prioritas | D1: PIC | E1: Fitur PRD yang dicakup | F1: Deskripsi | G1: API (NestJS) | H1: Web (Next.js) | I1: Tabel | J1: Bergantung pada
A2: M-01 | B2: Fondasi | C2: P0 | D2: Orang A | E2: - | F2: Skema database sesuai ERD, kerangka NestJS dan Next.js, serta kontrak data yang disepakati berdua di awal. | G2: schema.prisma, migrasi, PrismaModule, repository | H2: Layout, navigasi, api-client, QueryClient | I2: Semua tabel | J2: -
A3: M-02 | B3: Data Sintetis | C3: P0 | D3: Orang B | E3: Generator dataset klaim sintetis; metrik presisi/recall | F3: Klaim rawat inap sintetis lengkap dengan dokumen klinis yang ditulis lewat LLM API, kasus sisipan UC-1 s.d. UC-4, tabel bukti klinis, dan tarif sintetis. | G3: Script seed + script metrik | H3: - | I3: facilities, patients, users, claims, claim_diagnoses, clinical_documents, evidence_rules | J3: M-01
A4: M-03 | B4: Ekstraksi LLM | C4: P0 | D4: Orang B | E4: Ekstraksi bukti klinis | F4: Memanggil LLM API untuk membaca rekam medis dan mengembalikan JSON terstruktur: diagnosis, pemeriksaan, obat, tindakan, waktu, dan kutipan asli. | G4: Port + adapter LLM API, use case ekstraksi | H4: - | I4: clinical_documents.extracted | J4: M01, M02
A5: M-04 | B5: Uji Ada dan Selisih Tarif | C5: P0 | D5: Orang A | E5: Pengecekan diagnosis tanpa bukti; estimasi potensi selisih tarif | F5: Mencocokkan diagnosis sekunder dengan bukti yang seharusnya ada, menandai diagnosis yatim, dan menghitung selisih tarif jika diagnosis itu dikeluarkan. | G5: Use case Uji Ada, perhitungan tariff_gap | H5: Panel Uji Ada di Kartu Klaim | I5: evidence_rules, claim_diagnoses, findings, claims | J5: M03, M08
A6: M-05 | B6: Uji Konsisten | C6: P0 | D6: Orang B | E6: Pengecekan konsistensi pemeriksaan | F6: Membandingkan catatan pemeriksaan dengan catatan harian, tindakan, dan waktu, lalu menandai yang tidak sejalan tanpa menilai kebenaran klinis. | G6: Use case Uji Konsisten | H6: Panel dua kutipan berdampingan | I6: clinical_documents, findings | J6: M03, M08
A7: M-06 | B7: Uji Bukan Salinan | C7: P0 | D7: Orang B | E7: Kemiripan dokumen antar pasien; sorotan teks identik (P1) | F7: Mengukur kemiripan resume medis dan resep antar pasien berbeda, menyimpan pasangan dua arah, dan menyorot kalimat identik. | G7: Use case kemiripan teks | H7: Panel klaim mirip, sorotan teks | I7: clinical_documents, findings | J7: M02, M08
A8: M-07 | B8: Antrean Klaim | C8: P0 | D8: Orang A | E8: Antrean klaim prioritas | F8: Menggabungkan sinyal tiga uji dan selisih tarif menjadi skor prioritas, lalu menampilkan antrean berlabel perlu klarifikasi. | G8: Orkestrasi analisis, POST /analysis/run, GET /claims | H8: Halaman antrean | I8: claims, findings | J8: M04, M05, M06
A9: M-08 | B9: Kartu Klaim | C9: P0 | D9: Orang A | E9: Kartu Klaim | F9: Satu layar berisi ringkasan klaim, potensi selisih, dan slot panel untuk tiga uji. | G9: GET /claims/:id | H9: Halaman Kartu Klaim (kerangka + header) | I9: claims, claim_diagnoses, clinical_documents, findings | J9: M-01
A10: M-09 | B10: Keputusan Verifikator | C10: P1 | D10: Orang A | E10: Keputusan verifikator | F10: Setujui, minta klarifikasi, atau eskalasi dengan alasan wajib sebagai jejak audit. | G10: POST /claims/:id/decisions | H10: Panel keputusan | I10: decisions, claims, users | J10: M-08
A11: M-10 | B11: Ringkasan Faskes | C11: P1 | D11: Orang A | E11: Ringkasan per faskes | F11: Jumlah tanda dan potensi selisih per faskes untuk supervisor. | G11: GET /facilities/summary | H11: Halaman ringkasan | I11: facilities, claims, findings | J11: M-07

Sheet PRD Modul
A1: ID | B1: Modul | C1: Prioritas | D1: Tujuan | E1: User story | F1: Masuk ruang lingkup | G1: Di luar ruang lingkup | H1: Kriteria penerimaan | I1: Rujukan PRD
A2: M-01 | B2: =INDEX(Modul!$B$2:$B$11,MATCH(A2,Modul!$A$2:$A$11,0)) | C2: =INDEX(Modul!$C$2:$C$11,MATCH(A2,Modul!$A$2:$A$11,0)) | D2: Kedua developer bisa bekerja paralel sejak jam pertama tanpa saling menunggu. | E2: Sebagai developer, saya ingin skema, kerangka, dan kontrak data siap supaya bisa langsung membangun modul saya. | F2: - schema.prisma sesuai ERD revisi - Migrasi dan PrismaModule - Repository Prisma - Kontrak JSON extracted dan response GET /claims/:id - Layout dan navigasi web | G2: - Autentikasi dan manajemen pengguna | H2: - prisma:migrate berhasil di database kosong - build, lint, typecheck lulus - Contoh JSON kontrak tersimpan sebagai fixture | I2: Kebutuhan data dan arsitektur teknis
A3: M-02 | B3: =INDEX(Modul!$B$2:$B$11,MATCH(A3,Modul!$A$2:$A$11,0)) | C3: =INDEX(Modul!$C$2:$C$11,MATCH(A3,Modul!$A$2:$A$11,0)) | D3: Data realistis tanpa data peserta JKN riil, dengan kunci jawaban untuk mengukur hasil. | E3: Sebagai tim, saya ingin dataset sintetis dengan kasus sisipan supaya demo dan metrik bisa diukur secara jujur. | F3: - Dokumen klinis ditulis lewat LLM API dari template skenario - Kasus UC-1 s.d. UC-4, satu klaim bisa lebih dari satu modus - evidence_rules untuk sedikit diagnosis sekunder - Tarif sintetis per severity - Script presisi dan recall | G3: - Data riil, semua diagnosis dan kelompok INA-CBG | H3: - Seed bisa dijalankan ulang - injected_case benar untuk setiap klaim sisipan - Script metrik mencetak presisi, recall, dan total selisih | I3: MVP hackathon; UC-1 s.d. UC-4; metrik keberhasilan
A4: M-03 | B4: =INDEX(Modul!$B$2:$B$11,MATCH(A4,Modul!$A$2:$A$11,0)) | C4: =INDEX(Modul!$C$2:$C$11,MATCH(A4,Modul!$A$2:$A$11,0)) | D4: Rekam medis teks bebas menjadi bukti terstruktur yang bisa diuji aturan. | E4: Sebagai sistem, saya ingin daftar diagnosis, pemeriksaan, obat, tindakan, dan waktunya supaya tiga uji bisa berjalan. | F4: - Satu panggilan LLM API per klaim dengan output JSON - Validasi bentuk JSON - Setiap butir menyimpan kutipan asli - Hasil disimpan sehingga demo tidak memanggil API ulang | G4: - LLM memberi label fraud atau menilai klinis | H4: - Semua klaim sintetis punya extracted - Respons gagal dicoba ulang tanpa menghentikan proses - API key dan model dibaca dari env | I4: Arsitektur lapis Ekstraksi bukti klinis
A5: M-04 | B5: =INDEX(Modul!$B$2:$B$11,MATCH(A5,Modul!$A$2:$A$11,0)) | C5: =INDEX(Modul!$C$2:$C$11,MATCH(A5,Modul!$A$2:$A$11,0)) | D5: Menandai diagnosis sekunder yang menaikkan severity tanpa bukti, beserta dampaknya dalam rupiah. | E5: Sebagai verifikator, saya ingin tahu diagnosis mana yang tidak punya bukti dan berapa selisih tarifnya. | F5: - Pencocokan diagnosis dengan evidence_rules - findings EXISTENCE dengan diagnosis_id dan bukti yang tidak ditemukan - tariff_gap dan potential_gap - Panel Uji Ada | G5: - Cakupan semua diagnosis | H5: - UC-1 (DBD + syok tanpa resusitasi cairan) tertandai dengan selisih rupiah - Diagnosis dengan bukti lengkap tidak tertandai | I5: UC-1; alur demo langkah 2 dan 5
A6: M-05 | B6: =INDEX(Modul!$B$2:$B$11,MATCH(A6,Modul!$A$2:$A$11,0)) | C6: =INDEX(Modul!$C$2:$C$11,MATCH(A6,Modul!$A$2:$A$11,0)) | D6: Menandai catatan pemeriksaan yang tidak sejalan dengan catatan lain di rekam medis yang sama. | E6: Sebagai verifikator, saya ingin melihat catatan yang tidak sejalan supaya tahu bagian mana yang perlu dikonfirmasi. | F6: - Temuan hanya ada di resume, tidak di catatan harian - Temuan tanpa tindakan - Waktu tidak masuk akal - Dua kutipan berdampingan | G6: - Menentukan mana yang benar secara klinis | H6: - UC-2 (pneumonia, sesak vs tidak sesak, tanpa oksigen) tertandai - findings berisi document_id dan related_document_id | I6: UC-2; alur demo langkah 3
A7: M-06 | B7: =INDEX(Modul!$B$2:$B$11,MATCH(A7,Modul!$A$2:$A$11,0)) | C7: =INDEX(Modul!$C$2:$C$11,MATCH(A7,Modul!$A$2:$A$11,0)) | D7: Mengenali rekam medis yang disalin dari pasien lain. | E7: Sebagai verifikator, saya ingin melihat klaim lain yang isinya hampir sama supaya bisa mengenali pola salinan. | F7: - Kemiripan resume dan resep antar pasien berbeda (TF-IDF cosine, tanpa LLM) - Simpan dua arah dengan upsert unique - Panel klaim mirip - P1: sorotan kalimat identik | G7: - Deteksi teks buatan AI (P2) | H7: - Kluster UC-3 terdeteksi - Tidak ada baris dobel - Klaim pasien yang sama tidak dibandingkan | I7: UC-3; alur demo langkah 4
A8: M-07 | B8: =INDEX(Modul!$B$2:$B$11,MATCH(A8,Modul!$A$2:$A$11,0)) | C8: =INDEX(Modul!$C$2:$C$11,MATCH(A8,Modul!$A$2:$A$11,0)) | D8: Verifikator menghabiskan waktu pada klaim yang paling berisiko. | E8: Sebagai verifikator, saya ingin melihat klaim yang paling perlu dicek di urutan teratas. | F8: - priority_score dari strength tiga uji dan potential_gap - Endpoint untuk menjalankan analisis - Antrean dengan label perlu klarifikasi, Skeleton, empty state, error | G8: - Notifikasi ke faskes | H8: - Klaim sisipan berada di urutan atas - Label tidak pernah menyebut fraud - Klik baris membuka Kartu Klaim | I8: Alur demo langkah 1
A9: M-08 | B9: =INDEX(Modul!$B$2:$B$11,MATCH(A9,Modul!$A$2:$A$11,0)) | C9: =INDEX(Modul!$C$2:$C$11,MATCH(A9,Modul!$A$2:$A$11,0)) | D9: Verifikator memahami kenapa klaim perlu diklarifikasi dalam kurang dari satu menit. | E9: Sebagai verifikator, saya ingin melihat bukti per uji, klaim mirip, dan selisih tarif dalam satu layar. | F9: - GET /claims/:id - Kerangka halaman, header ringkasan dan selisih - Slot panel yang diisi M04, M05, M06 | G9: - Mengubah data klaim | H9: - Alur demo langkah 2-5 bisa ditunjukkan dari satu halaman | I9: Alur demo langkah 2-5
A10: M-09 | B10: =INDEX(Modul!$B$2:$B$11,MATCH(A10,Modul!$A$2:$A$11,0)) | C10: =INDEX(Modul!$C$2:$C$11,MATCH(A10,Modul!$A$2:$A$11,0)) | D10: Keputusan tetap di tangan manusia dan tercatat untuk audit. | E10: Sebagai verifikator, saya ingin mencatat keputusan dan alasan saya. | F10: - Tiga tombol keputusan, alasan wajib - Status klaim ikut berubah | G10: - Kirim klarifikasi ke faskes | H10: - decisions tersimpan dengan verifier_id - UC-4 bisa disetujui dengan alasan | I10: Alur verifikator langkah 5; UC-4
A11: M-10 | B11: =INDEX(Modul!$B$2:$B$11,MATCH(A11,Modul!$A$2:$A$11,0)) | C11: =INDEX(Modul!$C$2:$C$11,MATCH(A11,Modul!$A$2:$A$11,0)) | D11: Supervisor bisa menentukan prioritas pembinaan faskes. | E11: Sebagai supervisor, saya ingin melihat ringkasan tanda per faskes. | F11: - Jumlah tanda per uji dan potensi selisih per faskes | G11: - Dashboard lengkap, perbandingan case-mix (P2) | H11: - Angka sama dengan jumlah findings di database | I11: Persona supervisor

Sheet Task
A1: ID | B1: ID Modul | C1: Modul | D1: PIC | E1: Prioritas | F1: Task | G1: Detail / output | H1: Bagian | I1: Estimasi (jam) | J1: Hari | K1: Bergantung pada | L1: Status
A2: T01 | B2: M-01 | C2: =INDEX(Modul!$B$2:$B$11,MATCH(B2,Modul!$A$2:$A$11,0)) | D2: =INDEX(Modul!$D$2:$D$11,MATCH(B2,Modul!$A$2:$A$11,0)) | E2: P0 | F2: Skema Prisma dan migrasi | G2: 9 tabel sesuai ERD revisi, wiring PrismaModule di AppModule | H2: Database | I2: 1.5 | J2: Hari 1 | K2: - | L2: Belum mulai
A3: T02 | B3: M-01 | C3: =INDEX(Modul!$B$2:$B$11,MATCH(B3,Modul!$A$2:$A$11,0)) | D3: =INDEX(Modul!$D$2:$D$11,MATCH(B3,Modul!$A$2:$A$11,0)) | E3: P0 | F3: Sepakati kontrak data | G3: Contoh JSON clinical_documents.extracted dan response GET /claims/:id, simpan sebagai fixture bersama | H3: Kontrak | I3: 0.5 | J3: Hari 1 | K3: - | L3: Belum mulai
A4: T03 | B4: M-01 | C4: =INDEX(Modul!$B$2:$B$11,MATCH(B4,Modul!$A$2:$A$11,0)) | D4: =INDEX(Modul!$D$2:$D$11,MATCH(B4,Modul!$A$2:$A$11,0)) | E4: P0 | F4: Repository Prisma | G4: Contract di src/domain, implementasi di src/infrastructure untuk claims, documents, findings | H4: API | I4: 1.5 | J4: Hari 1 | K4: T01 | L4: Belum mulai
A5: T04 | B5: M-01 | C5: =INDEX(Modul!$B$2:$B$11,MATCH(B5,Modul!$A$2:$A$11,0)) | D5: =INDEX(Modul!$D$2:$D$11,MATCH(B5,Modul!$A$2:$A$11,0)) | E5: P0 | F5: Kerangka web | G5: Layout, navigasi, api-client Axios, QueryClient | H5: Web | I5: 1 | J5: Hari 1 | K5: - | L5: Belum mulai
A6: T05 | B6: M-02 | C6: =INDEX(Modul!$B$2:$B$11,MATCH(B6,Modul!$A$2:$A$11,0)) | D6: =INDEX(Modul!$D$2:$D$11,MATCH(B6,Modul!$A$2:$A$11,0)) | E6: P0 | F6: Skenario dan kunci jawaban | G6: Daftar klaim normal dan sisipan UC-1 s.d. UC-4, kombinasi modus per klaim | H6: Data | I6: 0.5 | J6: Hari 1 | K6: - | L6: Belum mulai
A7: T06 | B7: M-02 | C7: =INDEX(Modul!$B$2:$B$11,MATCH(B7,Modul!$A$2:$A$11,0)) | D7: =INDEX(Modul!$D$2:$D$11,MATCH(B7,Modul!$A$2:$A$11,0)) | E7: P0 | F7: Generate dokumen klinis lewat LLM API | G7: Template per skenario, LLM menulis resume, catatan pemeriksaan, catatan harian, resep, tindakan; simpan hasil sebagai JSON | H7: LLM | I7: 2.5 | J7: Hari 1 | K7: T05 | L7: Belum mulai
A8: T07 | B8: M-02 | C8: =INDEX(Modul!$B$2:$B$11,MATCH(B8,Modul!$A$2:$A$11,0)) | D8: =INDEX(Modul!$D$2:$D$11,MATCH(B8,Modul!$A$2:$A$11,0)) | E8: P0 | F8: Seed database | G8: Faskes, pasien, users, klaim, diagnosis, dokumen dari JSON hasil generate | H8: Database | I8: 1 | J8: Hari 1 | K8: T01, T06 | L8: Belum mulai
A9: T08 | B9: M-02 | C9: =INDEX(Modul!$B$2:$B$11,MATCH(B9,Modul!$A$2:$A$11,0)) | D9: =INDEX(Modul!$D$2:$D$11,MATCH(B9,Modul!$A$2:$A$11,0)) | E9: P0 | F9: Tabel bukti klinis dan tarif sintetis | G9: evidence_rules untuk diagnosis sekunder terpilih, tarif per severity sebagai konfigurasi | H9: Data | I9: 1 | J9: Hari 1 | K9: T05 | L9: Belum mulai
A10: T09 | B10: M-03 | C10: =INDEX(Modul!$B$2:$B$11,MATCH(B10,Modul!$A$2:$A$11,0)) | D10: =INDEX(Modul!$D$2:$D$11,MATCH(B10,Modul!$A$2:$A$11,0)) | E10: P0 | F10: Adapter LLM API | G10: Port di src/application, adapter di src/infrastructure, API key dan model lewat @nestjs/config | H10: LLM | I10: 1 | J10: Hari 1 | K10: T03 | L10: Belum mulai
A11: T10 | B11: M-03 | C11: =INDEX(Modul!$B$2:$B$11,MATCH(B11,Modul!$A$2:$A$11,0)) | D11: =INDEX(Modul!$D$2:$D$11,MATCH(B11,Modul!$A$2:$A$11,0)) | E11: P0 | F11: Prompt dan validasi output | G11: Prompt ekstraksi dengan output JSON sesuai kontrak T02, validasi bentuk, retry jika gagal | H11: LLM | I11: 1.5 | J11: Hari 1 | K11: T02, T09 | L11: Belum mulai
A12: T11 | B12: M-03 | C12: =INDEX(Modul!$B$2:$B$11,MATCH(B12,Modul!$A$2:$A$11,0)) | D12: =INDEX(Modul!$D$2:$D$11,MATCH(B12,Modul!$A$2:$A$11,0)) | E12: P0 | F12: Use case ekstraksi | G12: Jalankan per klaim, simpan ke extracted, lewati klaim yang sudah diekstraksi | H12: API | I12: 1 | J12: Hari 1 | K12: T07, T10 | L12: Belum mulai
A13: T12 | B13: M-04 | C13: =INDEX(Modul!$B$2:$B$11,MATCH(B13,Modul!$A$2:$A$11,0)) | D13: =INDEX(Modul!$D$2:$D$11,MATCH(B13,Modul!$A$2:$A$11,0)) | E13: P0 | F13: Use case Uji Ada | G13: Cocokkan diagnosis sekunder dengan evidence_rules dan extracted, tulis findings EXISTENCE | H13: API | I13: 2 | J13: Hari 1 | K13: T02, T08 | L13: Belum mulai
... A27: T26 | B27: M-10 | C27: =INDEX(Modul!$B$2:$B$11,MATCH(B27,Modul!$A$2:$A$11,0)) | D27: =INDEX(Modul!$D$2:$D$11,MATCH(B27,Modul!$A$2:$A$11,0)) | E27: P1 | F27: Ringkasan faskes | G27: Endpoint agregat per faskes dan halaman ringkasan | H27: API + Web | I27: 2 | J27: Hari 2 | K27: T21 | L27: Belum mulai
